name,species,treatment,after_treatment,common_potential,cell_type,notes,AP_peak,AP_amp,max_dvdt,min_dvdt,halfwidth,resonance_freq,cutoff,input_R,sag,RMP,EPSC_5sec,EPSC_Hz,EPSC_amp,washin_change,washin_outcome,FI_50,FI_100,FI_150,FI_200,FI_250,FI_300,FI_350,FI_400,FI_450,FI_500,FI_550,FI_600,FI_650,FI_700,FI_750,FI_800,FI_850,FI_900,Layer,topLeaf_label
Slc17a6-IRES-Cre;Ai14-564186.11.09.01,mouse,stability,0,,pyramidal,,41.19873,77.118279,294.18945,-93.078613,0.78173828,0.5,3.0135674,120.00411,1.0471116,-73.54734,,0,,,,0,1,5,11,15,18,21,24,27,29,,,,,,,,,,
Slc17a6-IRES-Cre;Ai14-564186.11.09.01,mouse,stability,1,,pyramidal,,26.489258,64.440643,204.46777,-76.599121,0.87866211,0.63636363,3.2494395,166.92197,1.04173,-75.695038,,0,,,,0,1,11,16,20,22,26,29,,,,,,,,,,,,
Slc17a6-IRES-Cre;Ai14-564186.07.09.01,mouse,stability,0,,pyramidal,,46.783447,85.059761,388.79395,-91.552734,0.79370117,0.81818181,3.5060923,179.05519,0.91068494,-73.775185,,0,,,,0,9,17,22,25,28,30,,,,,,,,,,,,,
Slc17a6-IRES-Cre;Ai14-564186.07.09.01,mouse,stability,1,,pyramidal,,39.94751,86.917267,400.08545,-102.53906,0.75805664,0.5,8.6742077,103.97393,0.94321591,-80.375717,,0,,,,0,0,0,0,0,2,7,13,19,25,28,33,34,35,,,,,,
Slc17a6-IRES-Cre;Ai14-563068.10.10.01,mouse,stability,0,,pyramidal,,50.048828,100.65046,390.01465,-123.90137,0.83081055,1.6818181,3.5062773,114.38273,1.2078105,-70.470863,,0,,,,0,10,16,22,26,31,35,37,41,42,43,,,,,,,,,
Slc17a6-IRES-Cre;Ai14-563068.10.10.01,mouse,stability,1,,pyramidal,,47.637939,98.579735,390.31982,-136.1084,0.76611328,1.4090909,3.6317451,109.5321,1.2981551,-71.32309,,0,,,,0,9,15,21,24,28,32,,,,,,,,,,,,,
Slc17a6-IRES-Cre;Ai14-563068.12.10.01,mouse,stability,0,,pyramidal,,46.325684,87.126404,337.82959,-80.871582,0.92492676,0.59090906,4.36549,90.898773,1.0923507,-72.957619,,0,,,,0,0,1,4,7,7,9,10,11,13,13,17,16,17,,,,,,
Slc17a6-IRES-Cre;Ai14-563068.12.10.01,mouse,stability,1,,pyramidal,,39.215088,83.696602,273.13232,-77.819824,0.98632812,0.72727275,8.0644884,70.761703,0.99649572,-80.238609,,0,,,,0,0,0,0,0,0,1,1,3,3,5,7,9,10,11,12,14,14,,
Sst-IRES-Cre;Ai14-564524.07.09.01,mouse,stability,0,,pyramidal,,46.75293,86.467148,339.35547,-83.92334,0.9074707,1,2.986614,75.514023,1.2271421,-68.18998,,0,,,,0,5,8,11,14,16,19,21,23,25,,,,,,,,,,
Sst-IRES-Cre;Ai14-564524.07.09.01,mouse,stability,1,,pyramidal,,49.255371,89.457748,387.57324,-90.332031,0.84423828,1.1363636,3.0385799,75.321266,1.2209935,-69.123627,,0,,,,0,1,6,10,13,16,18,20,22,24,26,28,29,,,,,,,
Sst-IRES-Cre;Pvalb-T2A-FlpO;Ai193-hyg-565533.11.06.01,mouse,stability,0,,pyramidal,,56.854248,92.954208,366.82129,-88.500977,0.97692871,0.5,3.6270735,112.99263,0.90719724,-75.69165,,0,,,,0,2,11,19,24,28,32,34,37,39,,,,,,,,,,
Sst-IRES-Cre;Pvalb-T2A-FlpO;Ai193-hyg-565533.11.06.01,mouse,stability,1,,pyramidal,,49.591064,86.377945,285.33936,-86.975098,1.005127,0.68181819,5.2188287,144.2276,0.89698046,-73.58033,,0,,,,0,6,14,20,24,28,30,32,35,37,39,,,,,,,,,
Sst-IRES-Cre;Pvalb-T2A-FlpO;Ai193-hyg-565533.12.06.01,mouse,stability,0,,interneuron?,,45.532227,76.178436,325.92773,-166.93115,0.51586914,0.68181819,1.7935243,287.26138,0.96370769,-65.287331,,0,,,,3,27,45,61,72,85,97,,,,,,,,,,,,,
Sst-IRES-Cre;Pvalb-T2A-FlpO;Ai193-hyg-565533.12.06.01,mouse,stability,1,,interneuron?,,40.252686,72.67408,286.56006,-155.63965,0.54443359,0.81818181,2.3814149,277.83093,1.0596964,-65.808998,,0,,,,2,27,45,59,74,86,,,,,,,,,,,,,,
Q21.26.003.12.01.01,NHP,stability,0,,pyramidal,,55.084229,101.76158,500.18311,-97.961426,0.95532227,0.5,8.7351017,57.186871,0.93805188,-81.685059,,0,,,,0,0,0,0,7,17,24,30,35,39,43,48,51,54,57,59,61,63,,
Q21.26.003.12.01.01,NHP,stability,1,,pyramidal,,52.642822,97.534492,420.8374,-87.280273,0.98693848,0.59090906,8.3927851,66.768913,0.97745651,-83.241356,,0,,,,0,0,0,0,9,18,24,31,36,,,,,,,,,,,
Slc17a6-IRES-Cre;Ai14-562819.18.09.02,mouse,stability,0,,pyramidal,,45.410156,89.867493,343.62793,-97.045898,0.90344238,0.5,4.1502151,134.58989,0.96777248,-76.638374,,0,,,,0,1,14,21,28,31,34,37,39,41,43,,,,,,,,,
Slc17a6-IRES-Cre;Ai14-562819.18.09.02,mouse,stability,1,,pyramidal,,39.581299,85.202972,303.34473,-88.195801,0.93005371,0.5,3.2249174,142.326,0.99389875,-80.209686,,0,,,,0,1,12,18,23,26,30,32,35,,,,,,,,,,,
H21.03.302.11.04.01,human,50uM 5-HT,0,,pyramidal,,46.508789,83.809402,244.4458,-86.05957,0.90014648,1.0909091,3.0923064,185.99532,1.1448116,-62.656433,6.307692308,1.261538462,11.700887,,,0,10,16,21,25,28,,,,,,,,,,,,,,Exc L4-6 RORB SEMA3E
H21.03.302.11.04.01,human,50uM 5-HT,1,,pyramidal,,42.449951,82.281425,235.29053,-76.904297,0.99023438,0.5,4.3679876,134.61163,1.1980201,-70.334572,5.466666667,1.093333333,11.805093,,,0,0,5,11,18,22,25,25,28,27,,,,,,,,,,Exc L4-6 RORB SEMA3E
Slc17a7-IRES2-Cre;Ai14-565032.11.09.01,mouse,stability,0,,pyramidal,,49.346924,86.556961,399.78027,-110.77881,0.71203613,0.5,3.1627409,107.6093,0.94187206,-77.526436,,0,,,,0,0,7,13,16,18,20,22,23,25,26,,,,,,,,,
Slc17a7-IRES2-Cre;Ai14-565032.11.09.01,mouse,stability,1,,pyramidal,,46.234131,84.374725,334.77783,-104.06494,0.77197266,0.5,3.1177886,127.11318,0.86970699,-80.2696,,0,,,,0,0,8,12,15,17,19,20,22,22,22,,,,,,,,,
Slc17a7-IRES2-Cre;Ai14-565032.12.09.01,mouse,stability,0,,pyramidal,,47.058105,84.321739,301.2085,-70.19043,1.0751953,0.5,2.8668392,185.23842,0.87380129,-69.897285,,0,,,,1,9,14,18,21,24,26,28,29,30,31,,,,,,,,,
Slc17a7-IRES2-Cre;Ai14-565032.12.09.01,mouse,stability,1,,pyramidal,,40.252686,85.195663,318.90869,-81.481934,0.97741699,0.5,5.4411297,134.7765,0.94965911,-76.358879,,0,,,,0,0,0,1,5,12,15,17,20,20,14,,,,,,,,,
Slc17a7-IRES2-Cre;Ai14-565033.11.10.01,mouse,50uM 5-HT,0,,pyramidal,,43.792725,77.787842,289.91699,-77.514648,0.87255859,0.5,4.0300312,144.57019,1.0467656,-62.853317,,0,,,,0,1,4,9,11,12,16,18,18,23,18,,,,,,,,,
Slc17a7-IRES2-Cre;Ai14-565033.11.10.01,mouse,50uM 5-HT,1,,pyramidal,,44.433594,79.989258,339.96582,-83.618164,0.81713867,0.63636363,0.63636363,89.303719,1.0084549,-70.069733,,0,,,,0,0,0,0,1,1,3,4,7,11,13,16,,,,,,,,
Vip-IRES-Cre;Ai14-564742.11.10.01,mouse,50uM 5-HT,0,,pyramidal,,50.140381,86.741447,403.74756,-70.800781,0.96850586,0.5,3.195179,163.35728,0.96853757,-70.915321,,0,,,,0,10,17,22,25,28,30,31,32,34,34,,,,,,,,,
Vip-IRES-Cre;Ai14-564742.11.10.01,mouse,50uM 5-HT,1,,pyramidal,,49.316406,86.928307,366.51611,-74.157715,0.94628906,0.5,5.5866599,118.63939,1.0535101,-70.413429,,0,,,,0,0,1,5,11,17,21,25,28,30,31,,,,,,,,,
H21.03.304.11.05.01.01,human,50uM 5-HT,0,,pyramidal,,54.931641,92.600197,269.77539,-87.280273,1.005127,0.77272725,4.1754189,89.253517,1.0179976,-66.945953,3.6,0.72,7.6381136,,,0,0,0,4,11,15,19,21,23,25,26,28,29,,,,,,,
H21.03.304.11.05.01.01,human,50uM 5-HT,1,,pyramidal,,47.88208,88.057129,236.51123,-93.688965,0.97119141,0.59090906,5.4763021,79.280373,0.98390955,-70.435547,4.4,0.88,8.170391,,,0,0,0,0,3,11,16,20,23,25,28,30,33,35,,,,,,
H21.03.304.11.05.02.01,human,50uM 5-HT,0,,pyramidal,,65.917969,89.698044,273.13232,-97.045898,0.86779785,0.90909094,4.5676675,110.84171,0.92463768,-60.586151,8.222222222,1.644444444,15,,,0,0,4,9,13,15,18,20,22,25,26,27,29,,,,,,,
H21.03.304.11.05.02.01,human,50uM 5-HT,1,,pyramidal,,64.208984,85.812714,249.63379,-94.909668,0.87194824,0.5,5.3162508,91.273804,0.98852164,-59.42345,9.111111111,1.822222222,12.900615,,,0,0,0,0,4,10,14,17,20,22,26,27,29,31,32,,,,,
H21.03.304.11.06.01.01,human,50uM 5-HT,0,,pyramidal,,55.877686,90.550064,288.08594,-84.838867,0.94946289,0.5,5.8665428,104.9992,0.96084327,-68.203819,10.54545455,2.109090909,17.663363,,,0,0,0,7,11,14,16,18,19,20,21,21,23,25,24,,,,,
H21.03.304.11.06.01.01,human,50uM 5-HT,1,,pyramidal,,47.546387,88.796288,274.04785,-83.92334,0.95947266,0.5,7.6872749,79.769745,0.96304125,-72.240158,13,2.6,11.931198,,,0,0,0,0,0,0,4,10,12,16,18,19,23,23,23,,,,,
Q21.26.005.11.08.01,NHP,50uM 5-HT,0,,pyramidal,,42.572021,81.21315,270.69092,-79.650879,0.96057129,1.3181819,3.636399,89.894539,1.2784954,-70.499603,,0,,,,0,0,5,12,16,19,21,23,24,25,25,,,,,,,,,
Q21.26.005.11.08.01,NHP,50uM 5-HT,1,,pyramidal,,42.449951,81.039474,259.70459,-76.904297,0.99975586,1.3636364,3.4984133,96.341286,1.3000009,-70.209412,,0,,,,0,0,6,12,16,19,20,22,23,23,24,25,,,,,,,,
Slc17a8-iCre;Ai14-565384.07.09.01,mouse,50uM 5-HT,0,,pyramidal,,55.57251,94.360352,393.98193,-102.53906,0.88623047,1.4090909,3.4532666,97.059074,1.2846082,-63.41103,,0,,,,0,4,11,16,20,24,27,29,30,31,31,32,,,,,,,,
Slc17a8-iCre;Ai14-565384.07.09.01,mouse,50uM 5-HT,1,,pyramidal,,51.025391,94.234764,389.4043,-111.69434,0.84790039,1.2272727,3.3978133,85.550903,1.2548137,-66.175262,,0,,,,0,4,11,16,20,24,26,29,30,31,32,32,,,,,,,,
Slc17a8-iCre;Ai14-565384.06.09.01,mouse,50uM 5-HT,0,,pyramidal,,51.818848,84.73867,314.33105,-65.917969,1.107666,0.5,1.9542494,227.76778,0.76718742,-67.295097,,0,,,,3,9,14,19,22,24,26,27,27,27,22,,,,,,,,,
Slc17a8-iCre;Ai14-565384.06.09.01,mouse,50uM 5-HT,1,,pyramidal,,44.433594,82.708717,293.5791,-67.138672,1.1308594,0.68181819,2.619566,187.37317,0.9908123,-71.953293,,0,,,,0,5,11,16,20,23,25,26,27,23,,,,,,,,,,
Esr2-IRES2-Cre;Ai14-566833.12.10.01,mouse,50uM 5-HT,0,,pyramidal,,45.837402,87.314217,370.17822,-82.397461,0.92053223,1,5.8809872,124.23439,1.053601,-72.444832,10.18181818,2.036363636,8,,,0,1,6,10,13,17,20,22,24,27,29,31,,,,,,,,
Esr2-IRES2-Cre;Ai14-566833.12.10.01,mouse,50uM 5-HT,1,,pyramidal,,36.651611,90.389565,367.43164,-94.299316,0.85131836,0.68181819,11.688922,84.680984,1.0263958,-82.333359,2.307692308,0.461538462,9.6,,,0,1,0,0,1,0,3,4,9,15,18,23,24,,,,,,,
Esr2-IRES2-Cre;Ai14-566833.11.10.01,mouse,50uM 5-HT,0,,pyramidal,,46.508789,82.686829,273.74268,-89.416504,0.84387207,0.63636363,7.1658735,107.957,0.82119334,-65.987526,5.117647059,1.023529412,12.4,,,0,0,0,0,1,1,2,3,4,5,5,5,5,,,,,,,
Esr2-IRES2-Cre;Ai14-566833.11.10.01,mouse,50uM 5-HT,1,,pyramidal,,41.259766,83.270248,264.89258,-93.383789,0.83093262,0.5,6.6168818,109.58733,0.97186649,-75.166039,4.636363636,0.927272727,13.8,,,0,0,0,1,1,2,3,4,6,6,5,,,,,,,,,
Esr2-IRES2-Cre;Ai14-566833.10.10.01,mouse,50uM 5-HT,0,,pyramidal,,46.417236,77.900887,262.146,-79.956055,0.88439941,0.5,6.418036,147.08699,1.0201286,-62.55621,5.166666667,1.033333333,13.70995,,,0,0,0,1,2,5,8,11,15,15,18,22,20,19,,,,,,
Esr2-IRES2-Cre;Ai14-566833.10.10.01,mouse,50uM 5-HT,1,,pyramidal,,37.841797,76.04361,234.98535,-77.209473,0.93469238,0.95454544,5.4712524,142.99492,1.0158151,-68.273827,9.666666667,1.933333333,11.77206,,,0,0,0,2,5,12,15,18,22,19,20,25,16,,,,,,,
H21.06.351.11.04.01.01,human,50uM 5-HT,0,,pyramidal,,54.534912,87.150024,239.86816,-84.838867,0.97131348,0.5,2.5464685,109.61115,0.96258432,-71.320076,44.57142857,8.914285714,9.61107,,,0,0,5,11,15,18,21,22,24,26,28,,,,,,,,,
H21.06.351.11.04.01.01,human,50uM 5-HT,1,,pyramidal,,52.124023,88.053764,248.41309,-98.266602,0.92346191,0.90909094,3.9678924,87.010986,0.966003,-73.763527,40.75,8.15,10.99006,,,0,0,0,2,12,19,22,24,26,29,32,,,,,,,,,
Pvalb-IRES-Cre;Ai14-568308.10.06.01,mouse,50uM 5-HT,0,,pyramidal,,52.67334,86.991936,321.3501,-71.105957,1.0253906,0.5,5.7966943,94.847939,1.0021263,-75.737968,17.77777778,3.555555556,13.97705,,,0,0,0,1,4,7,10,12,14,16,17,20,21,22,24,,,,,
Pvalb-IRES-Cre;Ai14-568308.10.06.01,mouse,50uM 5-HT,1,,pyramidal,,49.163818,88.09787,328.67432,-77.819824,0.96582031,1.3181819,7.7226658,92.999489,0.97253412,-74.036079,15.38095238,3.076190476,18.87731,,,0,0,0,0,0,1,4,9,13,16,19,19,18,19,,,,,,
Chat-IRES-Cre-neo;Ai14-567006.12.10.01,mouse,50uM 5-HT,0,,pyramidal,,48.76709,85.999252,354.61426,-128.17383,0.67114258,0.63636363,3.9143174,115.78936,0.94109702,-70.383163,20.72727273,4.145454545,9.49286,,,0,4,16,24,30,34,37,38,40,41,42,,,,,,,,,
Chat-IRES-Cre-neo;Ai14-567006.12.10.01,mouse,50uM 5-HT,1,,pyramidal,,48.76709,88.011772,371.7041,-134.27734,0.65722656,0.86363637,14.229197,76.786514,0.96602547,-67.825226,11.28571429,2.257142857,8.25127,,,0,0,0,0,1,4,6,8,8,10,11,,,,,,,,,
Chat-IRES-Cre-neo;Ai14-567006.11.10.01,mouse,50uM 5-HT,0,,pyramidal,,53.131104,86.79493,320.12939,-92.773438,0.82897949,1.4090909,8.768527,82.18499,1.0723355,-61.93362,7.8,1.56,12.85651,,,0,0,0,0,1,1,3,3,4,5,7,8,7,10,12,13,14,,,
Chat-IRES-Cre-neo;Ai14-567006.11.10.01,mouse,50uM 5-HT,1,,pyramidal,,52.67334,85.808708,304.26025,-86.975098,0.87524414,2.090909,13.688437,53.064907,1.0028615,-60.470974,10.75,2.15,10.886962,,,0,0,0,0,0,0,0,0,0,1,1,1,2,3,3,5,5,,,
H21.03.305.11.07.01.01,human,50uM 5-HT,0,,pyramidal,,49.102783,86.053818,247.80273,-68.969727,1.1472168,0.5,1.3472636,152.84166,1.0138948,-79.389595,143.4444444,28.68888889,20.813415,,,0,0,1,1,3,5,7,10,11,13,15,16,18,20,,,,,3c,
H21.03.305.11.07.01.01,human,50uM 5-HT,1,,pyramidal,,40.008545,82.00145,231.32324,-70.800781,1.1075439,0.5,1.1729439,114.98039,0.75157392,-59.983303,265,53,36.853719,,,1,7,12,15,18,21,24,26,26,27,,,,,,,,,3c,
H21.03.305.11.07.02.01,human,50uM 5-HT,0,,pyramidal,,54.046631,87.348061,238.95264,-57.373047,1.3398438,0.5,1.3379575,137.45824,0.97823024,-76.884521,79.4,15.88,13.419277,,,0,0,0,1,3,6,7,9,10,12,13,14,,,,,,,3b,
H21.03.305.11.07.02.01,human,50uM 5-HT,1,,pyramidal,,42.480469,79.287643,207.21436,-59.509277,1.2695312,0.5,0.92762923,154.5977,0.9514879,-53.408787,186.3,37.26,17.539993,,,5,13,15,16,21,21,22,24,26,27,,,,,,,,,3b,
Sst-IRES-Cre;Pvalb-T2A-FlpO;Ai193-hyg-570902.11.06.01,mouse,50uM 5-HT,0,,pyramidal,,58.197021,88.47374,386.96289,-84.533691,0.89782715,0.68181819,3.6913674,155.16725,1.023932,-58.07457,55.875,11.175,10.595812,,,0,8,13,18,21,24,26,28,30,31,32,34,,,,,,,,
Sst-IRES-Cre;Pvalb-T2A-FlpO;Ai193-hyg-570902.11.06.01,mouse,50uM 5-HT,1,,pyramidal,,50.140381,82.279648,310.97412,-75.683594,0.99060059,0.68181819,7.1267323,98.267601,0.99081361,-58.48315,75.5,15.1,13.922478,,,0,0,0,3,8,16,20,24,27,29,30,33,,,,,,,,
H21.03.306.11.10.02.01,human,50uM 5-HT,0,,pyramidal,,58.624268,93.72406,317.99316,-78.430176,1.1029053,0.81818181,3.7992625,56.232807,1.0052047,-73.873093,8.9,1.78,9.03183,,,0,0,0,0,0,2,7,11,14,16,18,,,,,,,,3c,
H21.03.306.11.10.02.01,human,50uM 5-HT,1,,pyramidal,,54.626465,93.061684,293.88428,-86.364746,1.0611572,0.5,4.3769732,59.347569,0.99104542,-75.465187,13.2,2.64,6.8757,,,0,0,0,0,0,0,1,9,14,17,19,,,,,,,,3c,
H21.03.306.11.10.01.01,human,50uM 5-HT,0,,interneuron?,,29.541016,70.997711,364.07471,-236.51123,0.36547852,1,8.0326567,88.708168,1.0627133,-73.282272,71.57142857,14.31428571,19.0625,,,0,0,1,18,41,58,74,90,105,,,,,,,,,,3b,
H21.03.306.11.10.01.01,human,50uM 5-HT,1,,interneuron?,,25.512695,72.188568,401.00098,-260.00977,0.32983398,0.81818181,7.5062046,80.248924,1.1603987,-69.886574,136.5454545,27.30909091,16.317249,,,0,0,13,43,60,77,94,110,126,141,152,,,,,,,,3b,
H21.03.306.11.10.02.01,human,50uM 5-HT,0,1,pyramidal,,57.952881,94.086792,308.53271,-79.956055,1.0804443,0.63636363,2.9012845,71.052238,1.0238025,-64.55162,,0,,,,0,0,0,5,9,13,15,17,19,20,,,,,,,,,,
H21.03.306.11.10.02.01,human,50uM 5-HT,1,1,pyramidal,,55.297852,92.235832,282.89795,-88.500977,1.0620117,0.5,3.2819283,76.345314,1.0066329,-63.806965,,0,,,,0,0,0,2,10,14,17,21,,,,,,,,,,,,
Q21.26.008.11.03.01,NHP,50uM 5-HT,0,0,pyramidal,,47.546387,81.552269,237.12158,-89.111328,0.88952637,1.3181819,3.6445584,84.998466,1.2547451,-67.79287,21.4375,4.2875,8.975555,,,0,0,2,2,3,6,11,19,23,25,,,,,,,,,,
Q21.26.008.11.03.01,NHP,50uM 5-HT,1,0,pyramidal,,44.006348,80.75798,217.89551,-88.806152,0.8972168,0.72727275,4.5642591,89.28685,1.2032263,-71.641441,82.85714286,16.57142857,8.99058,,,0,0,1,4,12,15,17,18,20,21,24,,,,,,,,,
Slc17a6-IRES-Cre;Ai14-571416.02.09.01,mouse,50uM 5-HT,0,0,pyramidal,,55.908203,86.326958,366.51611,-88.500977,0.87438965,0.68181819,7.52596,55.382725,0.96828443,-77.48687,34.09090909,6.818181818,9.12598,,,0,0,0,0,0,1,3,7,10,9,,,,,,,,,,
Slc17a6-IRES-Cre;Ai14-571416.02.09.01,mouse,50uM 5-HT,1,0,pyramidal,,49.89624,89.283928,374.45068,-91.85791,0.90808105,0.5,,52.989403,0.97799146,-75.64119,34.66666667,6.933333333,8.85715,,,0,0,0,0,0,0,0,0,0,0,0,1,1,1,1,2,3,4,,
H21.03.307.11.03.01.01,human,50uM 5-HT,0,0,pyramidal,,55.053711,90.712753,226.13525,-58.59375,1.3751221,0.59090906,2.1802895,132.65999,1.1140701,-61.199493,12.71428571,2.542857143,7.701405,,,0,2,6,10,12,15,17,19,21,23,,,,,,,,,,
H21.03.307.11.03.01.01,human,50uM 5-HT,1,0,pyramidal,,61.096191,94.339607,284.729,-64.697266,1.260498,0.5,2.8484097,122.3187,1.2156297,-50.227894,43.71428571,8.742857143,8.822174,,,2,5,8,10,12,14,16,18,19,21,,,,,,,,,,
Rorb-IRES2-Cre-neo;Ai14-571901.14.10.01,mouse,50uM 5-HT,0,0,pyramidal,,67.230225,89.936821,366.51611,-74.157715,1.0332031,0.63636363,3.2144949,102.15907,1.062907,-59.74411,36.75,7.35,15.703056,,,0,0,4,8,11,14,16,19,21,22,24,25,27,,,,,,,
Rorb-IRES2-Cre-neo;Ai14-571901.14.10.01,mouse,50uM 5-HT,1,0,pyramidal,,67.108154,88.944763,348.81592,-72.631836,1.0452881,0.5,4.2281241,82.014854,1.072679,-58.408337,43,8.6,12.0978451,,,0,0,0,0,1,4,7,10,13,16,19,21,,,,,,,,
Th-P2A-FlpO;Ai65-572288.02.09.01,mouse,stability,0,0,pyramidal,,59.234619,91.239006,360.71777,-66.223145,1.1083984,0.5,2.3572881,124.59066,0.9108786,-65.735031,45.1,9.02,8.60717,,,0,4,9,13,16,18,20,22,22,23,24,,,,,,,,,
Th-P2A-FlpO;Ai65-572288.02.09.01,mouse,stability,1,0,pyramidal,,62.744141,86.94458,324.40186,-68.359375,1.0982666,0.63636363,3.424289,112.84843,0.96804971,-55.477585,51.57142857,10.31428571,8.6937058,,,0,0,1,3,6,10,11,15,17,15,19,16,,,,,,,,
Sst-IRES-Cre;Ai14-572057.03.10.01,mouse,50uM 5-HT,0,0,pyramidal,,67.749023,90.018364,341.4917,-66.833496,1.1405029,0.68181819,2.5401435,102.83921,1.0657508,-51.001919,22.44444444,4.488888889,7.523643,,,0,0,5,8,11,13,15,17,19,21,23,,,,,,,,,
Sst-IRES-Cre;Ai14-572057.03.10.01,mouse,50uM 5-HT,1,0,pyramidal,,66.101074,88.681969,324.40186,-67.749023,1.1087646,0.59090906,3.6765776,88.740852,1.0855255,-50.305328,19.09090909,3.818181818,7.277717,,,0,0,0,5,9,11,13,15,17,19,20,,,,,,,,,
Sst-IRES-Cre;Ai14-572057.04.10.01,mouse,stability,0,0,pyramidal,,64.758301,84.819794,340.57617,-78.125,0.96447754,0.68181819,3.317709,88.16481,0.96353573,-62.75687,153,30.6,12.351219,,,0,0,1,1,2,5,8,13,15,17,18,,,,,,,,,
Sst-IRES-Cre;Ai14-572057.04.10.01,mouse,stability,1,0,pyramidal,,68.084717,89.113266,361.32812,-84.838867,0.92663574,0.5,3.3674691,84.474617,1.0056767,-53.61842,103.3076923,20.66153846,10.61912,,,0,0,0,1,2,4,6,9,11,11,12,,,,,,,,,
Sst-IRES-Cre;Ai14-572057.04.10.02,mouse,50uM 5-HT,0,0,pyramidal,,61.462402,90.731026,351.5625,-73.547363,1.0786133,0.5,6.5039525,46.880486,0.97201604,-73.415451,106.25,21.25,10.40901,,,0,0,0,0,2,6,10,13,15,17,19,,,,,,,,,
Sst-IRES-Cre;Ai14-572057.04.10.02,mouse,50uM 5-HT,1,0,pyramidal,,65.979004,93.317474,397.33887,-97.045898,0.86035156,0.68181819,8.2530718,47.346478,0.9824174,-65.789848,62.375,12.475,7.546829,,,0,0,0,0,0,0,4,9,13,15,17,19,,,,,,,,
H21.03.309.11.05.01.01,human,50uM 5-HT,0,0,pyramidal,,58.868408,96.119095,311.2793,-54.626465,1.5187988,0.5,3.0525358,46.161083,1.119386,-67.513451,34.75,6.95,9.954438,,,0,0,0,0,0,1,3,5,7,9,11,12,13,,,,,,,
H21.03.309.11.05.01.01,human,50uM 5-HT,1,0,pyramidal,,57.281494,92.090103,279.84619,-55.847168,1.4154053,0.86363637,2.4744639,49.932476,1.150195,-61.45171,110,22,12.3529605,,,0,0,0,0,1,4,6,8,9,11,12,13,14,15,,,,,,
H21.03.309.11.05.02.01,human,50uM 5-HT,0,0,pyramidal,,61.828613,98.364594,346.67969,-72.32666,1.1654053,1.2727273,3.9197991,52.43343,1.0210502,-67.006485,20.45454545,4.090909091,10.30273,,,0,0,0,0,0,3,7,10,13,16,18,20,,,,,,,,
H21.03.309.11.05.02.01,human,50uM 5-HT,1,0,pyramidal,,63.415527,99.77816,335.99854,-83.618164,1.0910645,0.5,4.7884741,53.05114,1.0147077,-63.420914,32.5,6.5,9.246826,,,0,0,0,0,0,0,4,9,13,16,19,21,,,,,,,,
Q21.26.009.11.03,NHP,50uM 5-HT,0,0,pyramidal,,62.927246,95.120224,357.97119,-68.969727,1.1721191,0.86363637,4.3110118,54.391212,0.98551637,-66.78054,28.8,5.76,10.284849,,,0,0,0,0,0,1,6,10,13,15,16,18,,,,,,,,
Q21.26.009.11.03,NHP,50uM 5-HT,1,0,pyramidal,,62.683105,92.722176,327.75879,-69.885254,1.1933594,0.5,4.4448953,52.851269,1.0073113,-64.923058,124.2,24.84,9.677658,,,0,0,0,0,0,0,1,5,9,11,13,15,16,,,,,,,
Q21.26.009.11.13,NHP,50uM 5-HT,0,0,pyramidal,,51.147461,85.316597,263.97705,-66.223145,1.0559082,0.5,4.5934701,76.153381,0.97382957,-74.736229,32.33333333,6.466666667,7.79225,,,0,0,0,0,1,7,12,15,18,21,22,,,,,,,,,
Q21.26.009.11.13,NHP,50uM 5-HT,1,0,pyramidal,,46.783447,84.69072,287.78076,-74.768066,0.95336914,0.86363637,11.76034,53.033367,1.0105017,-77.644218,55.7,11.14,7.61351,,,0,0,0,0,0,0,0,0,0,0,0,1,2,6,7,10,,,,
H21.03.310.11.07.01.01,human,50uM psilocybin,0,0,pyramidal,,57.067871,90.555634,317.99316,-65.002441,1.1655273,0.63636363,2.7982955,79.035835,1.1141863,-59.285183,54,10.8,8.49594335,-8.01624,hyperpolarized,0,0,1,3,5,8,9,10,11,11,,,,,,,,,,
H21.03.310.11.07.01.01,human,50uM psilocybin,1,0,pyramidal,,52.368164,83.333252,268.55469,-52.185059,1.3253174,0.5,3.274359,60.857014,1.0176783,-58.460247,25.55555556,5.111111111,7.013737,-8.01624,hyperpolarized,0,0,0,0,0,1,2,3,5,5,6,8,,,,,,,,
H21.03.310.11.08.01.01,human,50uM psilocybin,0,0,pyramidal,,61.431885,92.434883,281.37207,-65.307617,1.1463623,1.3636364,3.1664064,48.282204,1.3408635,-56.544987,122.5833333,24.51666667,15.409409,31.3242,depolarized,0,0,0,1,1,5,8,11,13,16,19,21,,,,,,,,
H21.03.310.11.08.01.01,human,50uM psilocybin,1,0,pyramidal,,57.952881,86.401329,243.83545,-70.19043,1.0836182,0.5,2.6708853,41.574593,1.1820338,-42.365555,166.7142857,33.34285714,,31.3242,depolarized,0,0,0,2,5,9,14,18,20,22,23,,,,,,,,,
H21.03.310.11.08.02.01,human,50uM psilocybin,0,0,pyramidal,,57.4646,93.070877,289.61182,-69.885254,1.1776123,1.0454545,3.2290335,90.183838,1.1303889,-55.700195,30.14285714,6.028571429,9.23916,2.9873,depolarized,0,2,8,12,15,18,21,24,26,28,29,,,,,,,,,
H21.03.310.11.08.02.01,human,50uM psilocybin,1,0,pyramidal,,55.236816,86.511703,243.53027,-74.462891,1.0983887,0.63636363,2.7998338,78.721649,1.1211873,-53.594589,34.4,6.88,8.186519,2.9873,depolarized,0,1,6,10,13,16,19,22,24,26,28,,,,,,,,,
Gad2-IRES-Cre;Ai14-574193.04.10.01,mouse,50uM psilocybin,0,0,pyramidal,,64.697266,85.442902,330.50537,-61.950684,1.1644287,0.5,2.0986784,114.1518,0.87186712,-59.920597,49.54545455,9.909090909,11.69075,4.27683,depolarized,0,1,5,8,11,13,15,17,29,20,21,,,,,,,,,
Gad2-IRES-Cre;Ai14-574193.04.10.01,mouse,50uM psilocybin,1,0,pyramidal,,67.993164,82.074287,311.88965,-54.931641,1.2176514,0.5,3.3529594,96.643394,0.95404768,-49.763988,58.875,11.775,13.692085,4.27683,depolarized,0,0,0,1,3,4,7,8,12,11,15,,,,,,,,,
Gad2-IRES-Cre;Ai14-574193.05.10.01,mouse,50uM psilocybin,0,0,pyramidal,,52.062988,80.163452,262.45117,-64.39209,1.107666,0.5,1.5438094,164.7025,0.92686564,-66.834587,80.5,16.1,10.848221,,,0,3,7,11,14,16,18,20,22,23,23,,,,,,,,,
Gad2-IRES-Cre;Ai14-574193.05.10.01,mouse,50uM psilocybin,1,0,pyramidal,,55.328369,83.254814,282.89795,-77.819824,0.99536133,0.5,1.9125519,145.76294,0.9475472,-62.679989,69.41666667,13.88333333,10.581871,,,0,3,8,11,15,17,20,21,23,24,25,,,,,,,,,
Gad2-IRES-Cre;Ai14-574194.03.10.01,mouse,50uM psilocybin,0,0,pyramidal,,59.204102,86.696625,330.81055,-82.092285,0.95861816,0.5,2.1832161,123.72141,0.97995692,-63.562515,32.28571429,6.457142857,8.8555,5.28738,depolarized,0,3,9,13,18,21,24,26,28,29,30,,,,,,,,,
Gad2-IRES-Cre;Ai14-574194.03.10.01,mouse,50uM psilocybin,1,0,pyramidal,,62.805176,86.100433,303.34473,-82.702637,0.97546387,0.5,2.2635865,146.71069,1.0094359,-53.503323,33.8,6.76,6.4736993,5.28738,depolarized,0,5,11,16,20,23,26,28,30,32,,,,,,,,,,
H21.03.311.11.08.01.01,human,50uM psilocybin,0,0,pyramidal,,45.562744,88.658447,291.44287,-92.773438,0.9173584,0.90909094,4.4886036,90.693565,1.01688,-69.817955,17.375,3.475,8.99719,3.20631,depolarized,0,0,0,2,9,13,15,17,18,20,22,22,,,,,,,,
H21.03.311.11.08.01.01,human,50uM psilocybin,1,0,pyramidal,,42.480469,83.048096,252.38037,-97.351074,0.87023926,1.0454545,6.3742509,86.43203,1.0213902,-69.544945,25,5,5.45044,3.20631,depolarized,0,0,0,0,0,4,11,13,15,18,20,22,23,26,27,28,,,,
H21.03.311.11.06.01.01,human,50uM psilocybin,0,0,pyramidal,,53.192139,82.046181,262.45117,-115.66162,0.74121094,1,4.0927362,134.34908,1.0519887,-58.734406,21.5,4.3,8.197164,5.15786,depolarized,0,2,12,18,22,26,28,30,30,30,25,,,,,,,,,
H21.03.311.11.06.01.01,human,50uM psilocybin,1,0,pyramidal,,55.419922,84.878891,258.48389,-117.49268,0.75195312,1.2272727,4.9735398,121.46121,1.0208217,-56.671726,30.3,6.06,11.487905,5.15786,depolarized,0,0,3,10,14,12,16,15,14,16,,,,,,,,,,
H21.03.311.11.06.02.01,human,50uM psilocybin,0,0,pyramidal,,55.81665,91.292053,322.26562,-82.702637,0.88818359,1.2727273,4.8152838,49.002014,1.2409693,-65.035828,22.5,4.5,9.323459,0.876823,depolarized,0,0,0,0,2,3,3,5,10,14,17,,,,,,,,,
H21.03.311.11.06.02.01,human,50uM psilocybin,1,0,pyramidal,,54.046631,88.139236,296.32568,-86.669922,0.86425781,1.2727273,6.6452694,43.679195,1.1608716,-64.911674,38.14285714,7.628571429,7.893425,0.876823,depolarized,0,0,0,0,0,0,2,3,3,3,3,6,7,10,11,14,,,,
Chat-IRES-Cre-neo;Ai14-576498.04.03.01,mouse,50uM psilocybin,0,0,pyramidal,,62.835693,99.020958,407.10449,-79.956055,1.0050049,1.4090909,3.3410187,106.041,1.1648929,-60.31715,29.88888889,5.977777778,8.082055,-1.83182,hyperpolarized,0,4,12,18,22,24,26,27,28,30,,,,,,,,,,
Chat-IRES-Cre-neo;Ai14-576498.04.03.01,mouse,50uM psilocybin,1,0,pyramidal,,63.934326,93.984619,391.54053,-79.650879,0.98010254,1,4.5524659,90.615631,1.1419451,-55.445393,41.44444444,8.288888889,9.942349,-1.83182,hyperpolarized,0,0,1,5,7,7,12,14,15,16,,,,,,,,,,
Th-P2A-FlpO;Ai65-575279.02.01.01,mouse,50uM psilocybin,0,0,pyramidal,,61.950684,89.565414,340.271,-58.898926,1.2246094,0.68181819,2.0671294,165.13409,0.93914109,-63.509892,46,9.2,11.435982,-3.8518,hyperpolarized,2,8,12,16,19,20,21,23,24,25,,,,,,,,,,
Th-P2A-FlpO;Ai65-575279.02.01.01,mouse,50uM psilocybin,1,0,pyramidal,,58.105469,89.022873,322.5708,-63.171387,1.1617432,0.5,3.6673131,134.73059,0.98417592,-66.326042,59.30769231,11.86153846,10.647507,-3.8518,hyperpolarized,0,0,1,3,6,9,9,10,10,6,,,,,,,,,,
C57BL6J-576333.05.03.01,mouse,50uM psilocin,0,0,pyramidal,,61.49292,81.233185,341.18652,-83.007812,0.85864258,0.5,1.064599,155.14444,1.0145322,-52.694485,41.28571429,8.257142857,10.213356,-11.5019,hyperpolarized,0,5,10,14,18,21,23,26,28,29,,,,,,,,,,
C57BL6J-576333.05.03.01,mouse,50uM psilocin,1,0,pyramidal,,59.814453,81.385643,325.01221,-91.247559,0.81933594,0.5,2.4391098,159.91423,1.0215535,-51.165569,30,6,6.07554123,-11.5019,hyperpolarized,0,7,13,17,19,21,23,19,9,7,,,,,,,,,,
Ntsr1-Cre_GN220;Ai14-576034.04.03.01,mouse,50uM psilocin,0,0,pyramidal,,55.114746,87.485199,401.00098,-92.773438,0.80151367,0.63636363,4.6024766,128.84016,0.98143494,-62.328617,41.14285714,8.228571429,8.784401,38.6946,depolarized,0,0,2,5,9,10,13,17,18,22,23,24,,,,,,,,
Ntsr1-Cre_GN220;Ai14-576034.04.03.01,mouse,50uM psilocin,1,0,pyramidal,,22.491455,46.428963,88.195801,-26.550293,1.5168457,1,10.583241,149.4135,0.8896482,-40.755699,21.125,4.225,7.685375,38.6946,depolarized,1,2,1,1,,,,,,,,,,,,,,,,
Ntsr1-Cre_GN220;Ai14-576034.04.04.01,mouse,50uM psilocin,0,0,pyramidal,,46.813965,85.692001,357.97119,-73.242188,0.9732666,0.5,2.0783312,125.57495,1.0007057,-69.629189,23.5,4.7,7.31123,-3.08355,hyperpolarized,0,4,8,12,15,17,20,22,24,26,27,,,,,,,,,
Ntsr1-Cre_GN220;Ai14-576034.04.04.01,mouse,50uM psilocin,1,0,pyramidal,,26.641846,70.366219,263.97705,-63.476562,0.98510742,0.5,2.0361872,140.70348,1.0635306,-70.285896,13.625,2.725,4.770821,-3.08355,hyperpolarized,0,7,12,16,19,22,25,26,27,27,27,,,,,,,,,
Ntsr1-Cre_GN220;Ai14-576031.02.04.01,mouse,50uM psilocin,0,0,pyramidal,,42.327881,89.418884,387.57324,-130.31006,0.68981934,2.2727273,5.4969063,66.206032,1.1586833,-72.901558,48.14285714,9.628571429,9.93042,37.658,depolarized,0,0,0,5,11,17,21,25,29,32,,,,,,,,,,
Ntsr1-Cre_GN220;Ai14-576031.02.04.01,mouse,50uM psilocin,1,0,pyramidal,,32.348633,89.11586,390.31982,-122.07031,0.71618652,1.6363636,5.6844668,56.833076,1.2323149,-84.977493,61.9,12.38,8.84369,37.658,depolarized,0,0,0,0,1,8,13,16,20,22,24,26,27,29,30,31,,,,
Slc17a6-IRES-Cre;Ai14-576811.03.01.01,mouse,50uM psilocin,0,0,pyramidal,,64.025879,82.776787,447.08252,-111.69434,0.65100098,0.5,1.0467739,130.2281,0.93827915,-54.270794,66.375,13.275,10.407,5.55564,depolarized,0,1,3,9,13,16,20,22,24,27,,,,,,,,,,
Slc17a6-IRES-Cre;Ai14-576811.03.01.01,mouse,50uM psilocin,1,0,pyramidal,,70.831299,83.086449,404.05273,-108.64258,0.6619873,0.5,2.3985517,160.1393,0.94128358,-46.584229,75.25,15.05,9.47836,5.55564,depolarized,0,6,13,18,22,25,28,30,32,34,,,,,,,,,,
Sst-IRES-Cre;Ai14-577301.02.03.01,mouse,50uM psilocin,0,0,pyramidal,,42.999268,79.45871,383.30078,-94.604492,0.71679688,0.5,2.6216035,169.55186,0.97746402,-65.443245,45.44444444,9.088888889,9.56416,0,No change,0,3,9,14,16,14,17,9,6,4,4,,,,,,,,,
Sst-IRES-Cre;Ai14-577301.02.03.01,mouse,50uM psilocin,1,0,pyramidal,,35.125732,68.358063,297.54639,-79.345703,0.7232666,0.5,3.2723074,142.45796,0.97149384,-66.340546,50.27272727,10.05454545,9.11112,0,No change,0,0,0,1,1,2,2,2,3,2,,,,,,,,,,
C57BL6J-576332.05.03.01,mouse,50uM psilocin,0,0,pyramidal,,47.302246,78.349274,256.04248,-73.852539,0.96569824,0.5,3.7356753,149.76524,0.91392767,-64.559982,40.33333333,8.066666667,8.78369,0,No change,0,5,11,16,19,22,25,26,27,28,,,,,,,,,,
C57BL6J-576332.05.03.01,mouse,50uM psilocin,1,0,pyramidal,,42.663574,76.84922,227.66113,-68.969727,1.0360107,0.5,3.5587921,161.8981,0.86897826,-66.652321,28.88888889,5.777777778,6.1669,0,No change,0,6,12,16,21,22,23,24,24,23,,,,,,,,,,
Ntsr1-Cre_GN220;Ai14-576031.02.03.01,mouse,50uM psilocin,0,0,pyramidal,,49.407959,73.805244,255.7373,-67.749023,0.96142578,0.90909094,4.7340078,150.7005,1.0504072,-58.316135,76.55555556,15.31111111,11.65244,0,No change,0,5,10,15,19,23,26,29,31,33,34,,,,,,,,,
Ntsr1-Cre_GN220;Ai14-576031.02.03.01,mouse,50uM psilocin,1,0,pyramidal,,45.623779,67.770782,178.52783,-59.814453,1.0727539,1.3181819,4.4909453,157.98474,1.0345827,-45.084076,35,7,8.19179,0,No change,0,9,16,21,25,30,33,35,37,37,38,,,,,,,,,
Slc17a6-IRES-Cre;Ai14-578133.05.04.01,mouse,50uM psilocin,0,0,pyramidal,,54.016113,90.495705,368.65234,-89.111328,0.91247559,0.5,6.6121159,73.873489,0.98201305,-74.306084,10,2,7.1228,2.90101,depolarized,0,0,0,0,3,10,15,19,23,25,29,32,,,,,,,,
Slc17a6-IRES-Cre;Ai14-578133.05.04.01,mouse,50uM psilocin,1,0,pyramidal,,53.649902,89.204376,374.14551,-88.500977,0.89038086,0.63636363,3.990917,91.626671,0.94880104,-70.400681,8.777777778,1.755555556,9.30207,2.90101,depolarized,0,0,1,6,12,16,18,22,25,28,,,,,,,,,,
Slc17a6-IRES-Cre;Ai14-578133.08.04.01,mouse,50uM psilocin,0,0,pyramidal,,45.074463,83.488876,344.23828,-79.345703,0.90344238,1.0111592,3.4786942,124.641,1.0639135,-64.714211,14.71428571,2.942857143,9.25601,8.69958,depolarized,0,7,11,15,18,21,24,26,28,30,,,,,,,,,,
Slc17a6-IRES-Cre;Ai14-578133.08.04.01,mouse,50uM psilocin,1,0,pyramidal,,42.144775,85.061012,352.7832,-88.806152,0.8494873,0.72727275,3.7551591,99.869843,1.0841025,-73.613724,22.23076923,4.446153846,5.8501,8.69958,depolarized,0,0,5,11,14,17,20,22,23,25,,,,,,,,,,
Slc17a6-IRES-Cre;Ai14-578133.03.03.01,mouse,50uM psilocin,0,0,pyramidal,,42.96875,79.765793,411.37695,-94.604492,0.72814941,0.5,1.0333323,122.54088,0.89657271,-77.356255,25.33333333,5.066666667,8.97258,-5.99067,hyperpolarized,0,1,7,11,15,17,20,23,26,28,30,30,,,,,,,,
Slc17a6-IRES-Cre;Ai14-578133.03.03.01,mouse,50uM psilocin,1,0,pyramidal,,36.437988,74.298004,324.09668,-90.637207,0.74890137,0.5,2.2632339,156.35878,0.91851532,-75.348724,22.71428571,4.542857143,6.06897,-5.99067,hyperpolarized,0,5,11,16,19,22,23,10,10,,,,,,,,,,,
Slc17a6-IRES-Cre;Ai14-578133.05.03.01,mouse,50uM psilocin,0,0,pyramidal,,52.062988,83.643494,378.41797,-97.045898,0.75708008,0.68181819,2.6193669,137.50526,1.0211668,-63.439224,36,7.2,12.98451,0,No change,0,5,9,13,16,18,21,23,25,27,,,,,,,,,,
Slc17a6-IRES-Cre;Ai14-578133.05.03.01,mouse,50uM psilocin,1,0,pyramidal,,50.567627,80.276688,310.36377,-76.904297,0.94812012,0.5,2.7126667,119.78825,1.0005426,-59.830845,23.375,4.675,14.4167,0,No change,0,0,3,6,8,12,15,17,19,20,22,,,,,,,,,
Htr3a-Cre_NO152;Ai14-578483.05.04.01,mouse,50uM psilocybin,0,0,pyramidal,,54.260254,85.290421,401.9165,-123.29102,0.65966797,0.5,8.2384834,52.464478,0.95696723,-65.569809,39.6,7.92,11.78473,52.2837,depolarized,0,0,0,0,2,8,14,18,21,,,,,,,,,,,
Htr3a-Cre_NO152;Ai14-578483.05.04.01,mouse,50uM psilocybin,1,0,pyramidal,,55.81665,81.899841,376.89209,-119.93408,0.64929199,0.86363637,3.4158037,99.345589,0.9799794,-57.014439,34,6.8,19.84784,52.2837,depolarized,0,0,0,0,1,7,9,16,19,22,25,27,,,,,,,,
Pvalb-IRES-Cre;Ai14-577974.06.04.01,mouse,50uM psilocybin,0,0,pyramidal,,43.640137,77.423096,289.00146,-68.359375,1.0195312,0.54545456,3.0698109,168.28839,0.98417711,-64.080421,37.22222222,7.444444444,7.37341,0,No change,0,1,4,6,13,13,16,22,20,19,14,,,,,,,,,
Pvalb-IRES-Cre;Ai14-577974.06.04.01,mouse,50uM psilocybin,1,0,pyramidal,,44.525146,80.082413,294.7998,-76.599121,0.95532227,0.5,4.4314275,154.13272,0.98820817,-61.291195,39.625,7.925,7.37235,0,No change,0,1,2,6,9,11,13,18,10,9,,,,,,,,,,
Htr3a-Cre_NO152;Ai14-578483.05.03.01,mouse,50uM psilocybin,0,0,pyramidal,,52.398682,82.312569,325.92773,-72.021484,0.95336914,0.5,2.2024632,224.70384,0.89682335,-56.802158,53,10.6,11.38939,3.4827,depolarized,4,11,18,23,27,30,32,34,36,38,38,,,,,,,,,
Htr3a-Cre_NO152;Ai14-578483.05.03.01,mouse,50uM psilocybin,1,0,pyramidal,,48.76709,80.612335,307.00684,-78.430176,0.87939453,0.5,3.7446313,167.86856,0.97690922,-49.400288,40.33333333,8.066666667,9.18587,3.4827,depolarized,0,8,16,23,28,32,35,37,39,42,,,,,,,,,,
Pvalb-IRES-Cre;Ai14-577972.04.04.01,mouse,50uM psilocin,0,0,pyramidal,,53.55835,93.953613,451.66016,-100.70801,0.80078125,1.3181819,3.3751411,98.455322,1.0725144,-59.238235,88.88888889,17.77777778,15.44005,-3,hyperpolarized,0,8,13,17,21,23,25,27,28,26,,,,,,,,,,
Pvalb-IRES-Cre;Ai14-577972.04.04.01,mouse,50uM psilocin,1,0,pyramidal,,52.001953,94.862045,418.396,-96.435547,0.86889648,1.2727273,4.2219615,97.046539,1.0365748,-61.766712,70.125,14.025,12.51819,-3,hyperpolarized,0,5,11,15,18,21,23,23,20,,,,,,,,,,,
Pvalb-IRES-Cre;Ai14-577972.05.03.01,mouse,50uM psilocin,0,0,pyramidal,,47.607422,81.140785,353.69873,-76.599121,0.88903809,0.5,2.0186386,179.38281,0.9179976,-67.355484,18.61538462,3.723076923,10.10611,0,No change,0,7,11,16,19,23,26,27,29,30,,,,,,,,,,
Pvalb-IRES-Cre;Ai14-577972.05.03.01,mouse,50uM psilocin,1,0,pyramidal,,47.943115,82.04174,325.92773,-72.937012,0.97338867,0.5,2.3114743,193.73515,0.95408213,-63.72662,18,3.6,9.16657,0,No change,2,9,14,18,22,24,26,27,27,,,,,,,,,,,
Slc17a6-IRES-Cre;Ai14-578138.05.03.01,mouse,50uM psilocin,0,0,pyramidal,,54.321289,86.498474,374.45068,-92.773438,0.8112793,0.5,3.4795387,154.22081,1.0251266,-58.837139,53.5,10.7,20.96463,-2,hyperpolarized,0,7,12,16,20,23,25,29,30,32,,,,,,,,,,
Slc17a6-IRES-Cre;Ai14-578138.05.03.01,mouse,50uM psilocin,1,0,pyramidal,,51.239014,83.238129,336.30371,-83.92334,0.85546875,0.59090906,3.0453167,150.42397,0.98369354,-57.078876,39.22222222,7.844444444,13.93262,-2,hyperpolarized,0,7,12,16,21,25,29,31,34,35,,,,,,,,,,
Vip-IRES-Cre;Ai14-579328.04.03.01,mouse,50uM psilocybin,0,0,pyramidal,,53.131104,90.73436,427.24609,-80.871582,0.9230957,0.54545456,3.1898506,146.94638,0.83175802,-73.099922,37.63636364,7.527272727,11.35932,7.54079,depolarized,0,5,10,15,18,22,24,27,29,30,32,33,,,,,,,,
Vip-IRES-Cre;Ai14-579328.04.03.01,mouse,50uM psilocybin,1,0,pyramidal,,31.097412,63.58744,276.18408,-81.176758,0.7220459,0.59090906,3.3885455,144.07773,0.94789046,-70.462959,11.375,2.275,6.40533,7.54079,depolarized,0,0,0,1,9,15,17,22,23,15,,,,,,,,,,
Vip-IRES-Cre;Ai14-579328.04.04.01,mouse,50uM psilocybin,0,0,pyramidal,,48.309326,85.032524,403.74756,-98.876953,0.7590332,0.5,2.4738493,186.66212,0.76066798,-67.705101,66.16666667,13.23333333,7.49794,5,depolarized,3,10,16,21,25,29,31,33,35,36,,,,,,,,,,
Vip-IRES-Cre;Ai14-579328.04.04.01,mouse,50uM psilocybin,1,0,pyramidal,,29.11377,65.850945,258.17871,-86.05957,0.73034668,,,211.99258,0.96198148,-49.859482,90.66666667,18.13333333,7.037,5,depolarized,14,23,25,29,33,34,36,36,23,11,,,,,,,,,,
Vip-IRES-Cre;Ai14-579328.05.03.01,mouse,50uM psilocybin,0,0,pyramidal,,53.955078,90.271805,379.3335,-79.956055,0.93713379,0.5,1.8242098,155.81136,0.98157573,-61.065403,27.69230769,5.538461538,8.24652,-3,hyperpolarized,4,11,17,21,25,28,30,31,33,34,34,,,,,,,,,
Vip-IRES-Cre;Ai14-579328.05.03.01,mouse,50uM psilocybin,1,0,pyramidal,,52.947998,87.889671,374.45068,-80.566406,0.92675781,0.5,1.9323982,165.42082,1.0111662,-59.823483,21.66666667,4.333333333,7.46038,-3,hyperpolarized,4,11,17,21,24,27,30,31,33,34,35,35,35,,,,,,,
Vip-IRES-Cre;Ai14-579326.04.03.01,mouse,50uM psilocybin,0,0,pyramidal,,56.915283,88.247894,375.67139,-66.52832,1.0578613,0.59090906,2.0207517,137.53256,1.066131,-64.50103,50.3,10.06,20.44132,-5.88776,hyperpolarized,0,5,9,12,15,17,19,21,22,23,25,,,,,,,,,
Vip-IRES-Cre;Ai14-579326.04.03.01,mouse,50uM psilocybin,1,0,pyramidal,,52.55127,85.094635,334.47266,-56.762695,1.2094727,0.68181819,3.1843719,107.20954,1.071384,-67.01757,38.4,7.68,10.27903,-5.88776,hyperpolarized,0,0,1,3,7,11,14,16,19,21,,,,,,,,,,
Vip-IRES-Cre;Ai14-579326.05.03.01,mouse,50uM psilocybin,0,0,pyramidal,,47.302246,85.516663,356.75049,-75.98877,0.95812988,0.5,1.5707619,147.43727,0.9298954,-70.173294,42.57142857,8.514285714,6.30629,-2,hyperpolarized,0,9,16,21,24,27,29,31,32,34,34,,,,,,,,,
Vip-IRES-Cre;Ai14-579326.05.03.01,mouse,50uM psilocybin,1,0,pyramidal,,43.884277,82.892418,343.01758,-78.735352,0.93017578,0.86363637,4.0735011,117.26697,0.98387814,-73.21032,36,7.2,6.63098,-2,hyperpolarized,0,0,4,10,14,18,22,24,26,28,29,,,,,,,,,
Gad2-IRES-Cre;Ai14-579337.01.01.01,mouse,50uM psilocybin,0,0,pyramidal,,51.605225,92.204575,428.77197,-102.53906,0.78186035,0.5,6.0404153,48.267902,0.93839347,-84.067337,96.36363636,19.27272727,14.56668,33.9937,depolarized,0,0,0,0,0,7,11,15,18,20,22,,,,,,,,,
Gad2-IRES-Cre;Ai14-579337.01.01.01,mouse,50uM psilocybin,1,0,pyramidal,,,,,,,,,,,,,0,,33.9937,depolarized,,,,,,,,,,,,,,,,,,,,
Sst-IRES-Cre;Ai14-579951.04.03.01,mouse,50uM psilocybin,0,0,pyramidal,,35.27832,73.478302,282.89795,-73.242188,0.91101074,0.5,2.037724,198.6284,0.83813202,-59.851852,31,6.2,8.28021,-4,hyperpolarized,2,8,15,18,20,19,17,9,,,,,,,,,,,,
Sst-IRES-Cre;Ai14-579951.04.03.01,mouse,50uM psilocybin,1,0,pyramidal,,37.750244,75.747253,322.5708,-81.787109,0.78442383,0.5,2.3921897,160.46309,0.97591066,-58.731647,50.875,10.175,8.46094,-4,hyperpolarized,1,4,9,19,16,9,7,7,4,5,4,,,,,,,,,
Sst-IRES-Cre;Ai14-579951.05.04.01,mouse,50uM psilocybin,0,0,pyramidal,,45.318604,78.895569,317.38281,-90.637207,0.78466797,0.68181819,4.1035252,88.611923,0.92390168,-78.122505,17,3.4,12.24652,0,No change,0,0,0,1,8,13,17,20,23,26,,,,,,,,,,
Sst-IRES-Cre;Ai14-579951.05.04.01,mouse,50uM psilocybin,1,0,pyramidal,,30.12085,67.99604,250.54932,-75.98877,0.85876465,0.5,3.4272828,116.86977,0.95984328,-77.513542,8.181818182,1.636363636,8.36859,0,No change,0,0,0,8,11,15,19,22,25,27,,,,,,,,,,
Gad2-IRES-Cre;Ai14-580682.06.10.01,mouse,50uM psilocybin,0,0,pyramidal,,46.203613,79.472031,254.82178,-71.411133,0.97607422,0.90909094,3.0356569,219.61288,0.89120626,-53.347492,11.36363636,2.272727273,8.8086,0,No change,1,2,6,14,10,7,5,5,5,4,,,,,,,,,,
Gad2-IRES-Cre;Ai14-580682.06.10.01,mouse,50uM psilocybin,1,0,pyramidal,,41.748047,79.301926,254.82178,-79.956055,0.88244629,1.8636364,4.8495641,195.1178,1.0139478,-53.820805,10.53846154,2.107692308,7.36432,0,No change,0,1,1,1,1,1,1,2,2,,,,,,,,,,,
Vip-IRES-Cre;Ai14-580200.04.02.01,mouse,control,0,0,pyramidal,,45.74585,73.254883,281.98242,-66.223145,0.94018555,0.5,2.1960497,193.97913,0.97415596,-54.749542,21,4.2,9.96908,-2.88683,hyperpolarized,0,1,6,12,17,20,24,26,26,18,,,,,,,,,,
Vip-IRES-Cre;Ai14-580200.04.02.01,mouse,control,1,0,pyramidal,,45.593262,73.313354,286.86523,-68.054199,0.90466309,0.5,2.7736356,206.18552,0.97869074,-59.983627,21,4.2,9.92912,-2.88683,hyperpolarized,0,0,2,5,7,12,14,15,12,12,,,,,,,,,,
Vip-IRES-Cre;Ai14-580200.04.02.02,mouse,50uM psilocin,0,0,pyramidal,,50.079346,82.15937,379.63867,-70.495605,0.94067383,0.5,1.8158916,213.18022,0.98843336,-62.037678,30.33333333,6.066666667,11.76772,2.79046,depolarized,1,7,10,14,17,17,21,21,17,13,,,,,,,,,,
Vip-IRES-Cre;Ai14-580200.04.02.02,mouse,50uM psilocin,1,0,pyramidal,,36.987305,74.942871,254.5166,-58.898926,1.1259766,0.5,1.2728225,267.92581,0.8487581,-58.321377,22.66666667,4.533333333,7.38704,2.79046,depolarized,3,9,11,11,11,7,6,5,4,3,,,,,,,,,,
C57BL6J-581851.05.03.01,mouse,control,0,0,pyramidal,,45.684814,77.484802,338.13477,-62.255859,0.98950195,0.5,1.2380723,274.17047,0.94114035,-68.751678,25.57142857,5.114285714,7.80841,-4.93914,hyperpolarized,2,9,15,18,21,23,24,20,14,13,,,,,,,,,,
C57BL6J-581851.05.03.01,mouse,control,1,0,pyramidal,,40.740967,75.86911,311.2793,-61.950684,0.99389648,0.5,2.0040529,246.50069,0.9826383,-71.851051,34.875,6.975,8.10959,-4.93914,hyperpolarized,0,1,3,4,8,10,10,8,7,,,,,,,,,,,
Gad2-IRES-Cre;Ai14-580682.05.10.01,mouse,control,0,0,pyramidal,,55.69458,86.774704,349.12109,-72.021484,0.97998047,0.5,2.3176386,126.41935,0.99277025,-63.772335,40.625,8.125,10.42105,-4.02824,hyperpolarized,0,1,7,11,14,17,19,21,23,24,,,,,,,,,,
Gad2-IRES-Cre;Ai14-580682.05.10.01,mouse,control,1,0,pyramidal,,54.748535,86.782219,357.05566,-84.838867,0.86230469,0.68181819,3.0521135,123.40893,1.0169948,-61.803955,41.42857143,8.285714286,8.8038,-4.02824,hyperpolarized,0,0,2,8,11,14,17,19,21,,,,,,,,,,,
C57BL6J-581843.04.03.01,mouse,50uM psilocybin,0,0,pyramidal,,51.452637,84.140274,382.99561,-91.552734,0.78491211,0.63636363,3.4449613,130.29251,0.97138578,-70.646797,61.77777778,12.35555556,8.74911,3.93643,depolarized,0,4,11,13,17,20,23,26,27,29,,,,,,,,,,
C57BL6J-581843.04.03.01,mouse,50uM psilocybin,1,0,pyramidal,,45.776367,81.449036,334.77783,-86.05957,0.85070801,0.5,3.5005021,135.01123,0.95743954,-69.578484,,0,,3.93643,depolarized,0,0,4,10,13,17,19,22,25,28,,,,,,,,,,
C57BL6J-581848.05.03.01,mouse,50uM psilocybin,0,0,pyramidal,,48.919678,84.748459,339.35547,-77.819824,0.91210938,0.5,1.9468582,224.81357,1.0645452,-64.430161,26.375,5.275,9.34618,3.90063,depolarized,6,14,20,25,28,30,31,29,26,23,,,,,,,,,,
C57BL6J-581848.05.03.01,mouse,50uM psilocybin,1,0,pyramidal,,44.86084,84.250061,286.86523,-72.631836,1.003418,0.5,2.7080424,206.79395,0.9243508,-58.558552,25.16666667,5.033333333,10.75998,3.90063,depolarized,7,14,16,20,18,7,9,7,6,5,,,,,,,,,,
C57BL6J-581848.04.03.01,mouse,50uM psilocybin,0,0,pyramidal,,51.9104,86.78389,404.35791,-94.909668,0.79858398,0.5,5.503026,67.824471,0.96738702,-73.492775,104.3333333,20.86666667,9.96353,2.85262,depolarized,0,0,0,0,1,2,4,5,5,6,7,7,8,8,,,,,,
C57BL6J-581848.04.03.01,mouse,50uM psilocybin,1,0,pyramidal,,44.281006,77.84362,333.55713,-96.435547,0.75012207,,,81.835823,0.94745612,-71.167084,67.5,13.5,6.96253,2.85262,depolarized,0,0,0,5,11,16,20,23,26,28,,,,,,,,,,
Sncg-IRES2-FlpO-neo;Ai65F-582323.05.03.01,mouse,50uM psilocin,0,0,pyramidal,,48.828125,81.654663,319.82422,-86.975098,0.83349609,0.63636363,6.4206676,32.188011,0.9359377,-77.371834,158.6,31.72,15.22879,-4.1685,hyperpolarized,0,0,0,0,0,0,0,0,0,1,7,8,12,,,,,,,
Sncg-IRES2-FlpO-neo;Ai65F-582323.05.03.01,mouse,50uM psilocin,1,0,pyramidal,,46.844482,80.509842,319.51904,-94.604492,0.76721191,0.5,7.3657198,29.901747,0.96905148,-74.95871,119.1111111,23.82222222,13.73346,-4.1685,hyperpolarized,0,0,0,0,0,0,0,0,0,1,6,9,11,,,,,,,
Sst-IRES-Cre;Ai14-581874.05.10.01,mouse,50uM psilocin,0,0,pyramidal,,50.689697,74.882271,391.8457,-92.773438,0.65917969,0.68181819,3.1724784,137.59119,0.99315763,-61.60458,35.4,7.08,8.42078,3.38761,depolarized,0,1,2,5,14,20,24,29,31,34,,,,,,,,,,
Sst-IRES-Cre;Ai14-581874.05.10.01,mouse,50uM psilocin,1,0,pyramidal,,50.506592,72.93132,351.25732,-85.449219,0.69458008,0.5,3.8243423,123.14887,0.94445544,-59.055099,35.33333333,7.066666667,8.41249,3.38761,depolarized,0,0,1,3,7,12,18,23,21,21,14,,,,,,,,,
Sncg-IRES2-FlpO-neo;Ai65F-582323.04.03.01,mouse,50uM psilocin,0,0,pyramidal,,44.586182,77.751602,384.52148,-99.487305,0.67944336,0.68181819,3.3239775,121.76277,0.95386308,-70.425758,115.9285714,23.18571429,11.10291,6.63183,depolarized,0,1,10,15,19,22,25,28,30,32,,,,,,,,,,
Sncg-IRES2-FlpO-neo;Ai65F-582323.04.03.01,mouse,50uM psilocin,1,0,pyramidal,,44.555664,78.909248,358.27637,-89.416504,0.76123047,0.5,2.8168774,145.43954,0.95457011,-63.924427,96.28571429,19.25714286,12.36008,6.63183,depolarized,0,5,13,20,26,30,33,36,38,34,,,,,,,,,,
H21.03.312.11.07.02.01,human,50uM psilocin,0,0,pyramidal,,39.154053,70.232941,224.91455,-108.64258,0.69055176,0.5,2.39661,144.07538,0.97026336,-40.878078,45.16666667,9.033333333,15.668693,-4.28831,hyperpolarized,8,16,22,28,33,36,41,43,46,48,,,,,,,,,,
H21.03.312.11.07.02.01,human,50uM psilocin,1,0,pyramidal,,37.475586,64.337967,189.81934,-97.045898,0.70874023,0.5,2.5145235,136.34888,0.98253971,-41.416729,43.57142857,8.714285714,14.314247,-4.28831,hyperpolarized,6,15,21,25,29,32,35,37,37,38,,,,,,,,,,
H21.03.312.11.05.02.01,human,50uM psilocin,0,0,pyramidal,,53.161621,84.629623,320.73975,-94.299316,0.79638672,0.5,2.0251412,119.20803,1.081512,-71.49028,20.375,4.075,10.64185,5.48326,depolarized,0,0,0,1,4,9,12,15,18,21,,,,,,,,,,
H21.03.312.11.05.02.01,human,50uM psilocin,1,0,pyramidal,,51.452637,82.965012,289.00146,-91.247559,0.8425293,0.5,2.3308201,106.63514,1.0667622,-65.52565,24.2,4.84,9.52604,5.48326,depolarized,0,0,0,2,8,12,15,17,19,21,,,,,,,,,,
H21.03.312.11.07.01.01,human,50uM psilocin,0,0,pyramidal,,51.940918,81.419197,309.14307,-99.182129,0.75537109,0.5,2.1235969,138.89656,1.1057242,-60.013489,21.125,4.225,7.54453,22.1989,depolarized,0,0,0,4,11,17,22,25,29,31,,,,,,,,,,
H21.03.312.11.07.01.01,human,50uM psilocin,1,0,pyramidal,,46.600342,68.861786,243.2251,-98.876953,0.7310791,0.5,3.4314582,105.07158,1.0362176,-53.228497,11.66666667,2.333333333,4.874096,22.1989,depolarized,0,0,0,9,15,20,24,27,30,32,,,,,,,,,,
H21.03.312.11.04.01.01,human,50uM psilocin,0,0,pyramidal,,41.320801,72.949738,250.85449,-112.91504,0.6854248,2,5.0425797,53.646885,1.1981151,-57.466187,84,16.8,8.81861,6.53287,depolarized,0,0,0,1,9,16,22,27,32,36,,,,,,,,,,
H21.03.312.11.04.01.01,human,50uM psilocin,1,0,pyramidal,,58.654785,76.346741,233.76465,-98.571777,0.7791748,1.9545455,5.241643,47.019833,1.3744105,-43.179169,62.125,12.425,7.85351,6.53287,depolarized,0,0,0,0,1,8,15,20,25,29,33,,,,,,,,,
H21.03.312.11.04.02.01,human,50uM psilocin,0,0,pyramidal,,42.419434,79.40136,333.25195,-144.34814,0.59899902,2.6818182,6.1979842,59.140575,1.2967312,-68.217728,57.71428571,11.54285714,8.89995,-6.44169,hyperpolarized,0,0,0,2,12,20,26,30,34,37,40,42,44,,,,,,,
H21.03.312.11.04.02.01,human,50uM psilocin,1,0,pyramidal,,43.304443,75.564682,282.2876,-121.45996,0.74194336,1.6818181,5.3177972,73.166107,1.2201456,-65.369255,40,8,6.04146,-6.44169,hyperpolarized,0,0,0,1,9,15,19,23,28,31,,,,,,,,,,
Chat-IRES-Cre-neo;Ai14-582721.04.03.01,mouse,50uM psilocin,0,0,pyramidal,,49.041748,80.143555,327.45361,-68.664551,0.99682617,0.5,2.0585392,165.0442,0.98517382,-59.608967,79.4,15.88,8.89853,-3.78085,hyperpolarized,0,6,11,15,19,21,23,24,24,17,11,5,4,,,,,,,
Chat-IRES-Cre-neo;Ai14-582721.04.03.01,mouse,50uM psilocin,1,0,pyramidal,,45.318604,79.563393,306.39648,-64.086914,1.0704346,0.5,2.7446122,148.33371,0.96574128,-62.342205,32.57142857,6.514285714,8.04166,-3.78085,hyperpolarized,0,1,7,11,15,14,12,10,5,5,,,,,,,,,,
Chat-IRES-Cre-neo;Ai14-582721.05.03.01,mouse,50uM psilocin,0,0,pyramidal,,56.976318,87.732773,383.30078,-82.397461,0.93579102,0.59090906,3.0917072,118.21577,0.9198944,-64.579735,26.88888889,5.377777778,10.3684,-3.94471,hyperpolarized,0,1,9,13,17,20,23,25,27,29,,,,,,,,,,
Chat-IRES-Cre-neo;Ai14-582721.05.03.01,mouse,50uM psilocin,1,0,pyramidal,,58.624268,89.733452,417.48047,-79.345703,0.9251709,0.59090906,3.5076301,102.63069,0.96304315,-62.595943,49.53846154,9.907692308,12.64111,-3.94471,hyperpolarized,0,0,1,6,10,14,17,20,22,24,,,,,,,,,,
Vip-IRES-Cre;Ai14-584469.06.10.01,mouse,50uM psilocin,0,0,pyramidal,,48.492432,90.287033,358.27637,-65.002441,1.125,0.63636363,4.4101391,97.218925,0.90144348,-84.206841,118.875,23.775,9.4415,5.99712,depolarized,0,0,6,13,17,20,24,26,28,,,,,,,,,,,
Vip-IRES-Cre;Ai14-584469.06.10.01,mouse,50uM psilocin,1,0,pyramidal,,46.844482,91.253113,334.16748,-67.443848,1.1818848,0.63636363,4.8368459,92.003944,0.91401625,-82.690498,79.33333333,15.86666667,8.62058,5.99712,depolarized,0,0,7,12,15,18,20,21,21,17,,,,,,,,,,
Chat-IRES-Cre-neo;Ai14-582722.04.03.01,mouse,50uM psilocybin,0,0,pyramidal,,54.779053,88.88176,375.67139,-92.163086,0.86230469,0.86363637,5.297606,89.481606,0.87311745,-73.407768,157.2307692,31.44615385,12.18703,-4.98063,hyperpolarized,0,0,1,9,14,19,23,26,30,32,35,,,,,,,,,
Chat-IRES-Cre-neo;Ai14-582722.04.03.01,mouse,50uM psilocybin,1,0,pyramidal,,51.971436,90.021088,396.42334,-97.65625,0.84094238,0.81818181,4.8538184,82.468231,0.91992277,-74.598328,111.2,22.24,15.97699,-4.98063,hyperpolarized,0,0,3,10,15,20,24,27,30,33,,,,,,,,,,
Chat-IRES-Cre-neo;Ai14-582722.04.04.01,mouse,50uM psilocybin,0,0,pyramidal,,44.311523,79.011353,304.87061,-84.533691,0.81652832,0.5,3.7982519,156.04599,1.0067189,-62.165661,23.91666667,4.783333333,10.9034,-4.10429,hyperpolarized,0,1,3,7,10,12,13,14,16,13,,,,,,,,,,
Chat-IRES-Cre-neo;Ai14-582722.04.04.01,mouse,50uM psilocybin,1,0,pyramidal,,43.579102,83.240868,322.26562,-96.435547,0.7689209,0.5,5.875432,97.015495,0.99551606,-66.62722,21.54545455,4.309090909,13.01569,-4.10429,hyperpolarized,0,0,0,0,1,1,2,3,3,3,3,,,,,,,,,
Rbp4-Cre_KL100;Ai14-582710.02.01.01,mouse,50uM psilocybin,0,0,pyramidal,,66.802979,89.1026,401.61133,-99.79248,0.79248047,0.68181819,6.8647895,52.675617,0.93761432,-67.273895,88.9,17.78,9.2713,9.9175,depolarized,0,0,0,0,3,11,16,21,24,28,,,,,,,,,,
Rbp4-Cre_KL100;Ai14-582710.02.01.01,mouse,50uM psilocybin,1,0,pyramidal,,76.171875,85.870895,376.58691,-101.92871,0.78088379,0.5,5.4392457,59.822411,0.94350433,-50.795197,78.77777778,15.75555556,8.049927,9.9175,depolarized,0,0,0,0,8,13,17,20,23,25,27,,,,,,,,,
Rbp4-Cre_KL100;Ai14-585582.02.01.01,mouse,50uM psilocybin,0,0,interneuron,,43.640137,72.903854,350.03662,-157.16553,0.48913574,0.68181819,4.5999613,295.76535,1.0102122,-53.259052,73.90909091,14.78181818,9.40527,4.80608,depolarized,7,29,44,56,65,72,79,85,91,96,,,,,,,,,,
Rbp4-Cre_KL100;Ai14-585582.02.01.01,mouse,50uM psilocybin,1,0,interneuron,,43.182373,70.180374,339.96582,-146.48438,0.51525879,1.3181819,4.7660284,258.05661,0.95931333,-50.806034,49.28571429,9.857142857,7.99118,4.80608,depolarized,14,32,47,58,67,75,82,87,92,70,,,,,,,,,,
Rbp4-Cre_KL100;Ai14-585582.03.01.01,mouse,50uM psilocybin,0,0,pyramidal,,58.776855,91.08078,363.15918,-65.307617,1.12146,0.5,3.9452744,112.17916,0.84534383,-75.202827,56.27272727,11.25454545,16.59091,4.26124,depolarized,0,2,8,13,16,19,21,23,24,25,,,,,,,,,,
Rbp4-Cre_KL100;Ai14-585582.03.01.01,mouse,50uM psilocybin,1,0,pyramidal,,52.91748,94.38623,483.09326,-107.72705,0.70068359,0.5,4.0658455,101.65948,0.96858102,-68.344933,10.72727273,2.145454545,9.60011,4.26124,depolarized,0,0,1,7,12,17,23,27,32,36,39,42,,,,,,,,
Vip-IRES-Cre;Ai14-584471.08.03.01,mouse,50uM psilocin,0,0,pyramidal,,48.461914,86.719215,318.29834,-85.449219,0.97106934,0.5,8.1337223,74.83947,0.97209561,-81.698784,27.36363636,5.472727273,8.17587,3.42567,depolarized,0,0,0,0,6,11,15,18,21,24,26,,,,,,,,,
Vip-IRES-Cre;Ai14-584471.08.03.01,mouse,50uM psilocin,1,0,pyramidal,,44.219971,84.629532,325.62256,-78.735352,0.98364258,0.5,6.9519882,68.447784,0.97892702,-82.062866,17.73333333,3.546666667,9.84366,3.42567,depolarized,0,0,0,0,1,4,7,10,12,15,,,,,,,,,,
Vip-IRES-Cre;Ai14-584470.20.10.01,mouse,50uM psilocin,0,0,pyramidal,,38.17749,74.990082,267.63916,-68.054199,0.98974609,0.90909094,3.2654626,157.63641,1.0097142,-60.7514,18.58333333,3.716666667,6.60438,-4.70237,hyperpolarized,0,4,8,9,13,8,8,4,4,4,3,,,,,,,,,
Vip-IRES-Cre;Ai14-584470.20.10.01,mouse,50uM psilocin,1,0,pyramidal,,41.351318,76.623024,260.00977,-75.378418,0.90441895,0.5,4.0594864,162.35361,1.0120608,-57.031815,15.4,3.08,7.34007,-4.70237,hyperpolarized,1,1,3,2,2,2,1,2,2,1,2,2,,,,,,,,
Vip-IRES-Cre;Ai14-584471.05.04.01,mouse,50uM psilocin,0,0,pyramidal,,47.729492,84.844147,278.93066,-80.871582,0.99938965,,,80.409218,0.93322825,-78.785469,29.5,5.9,7.55801,4.39411,depolarized,0,0,0,5,9,14,18,22,24,26,,,,,,,,,,
Vip-IRES-Cre;Ai14-584471.05.04.01,mouse,50uM psilocin,1,0,pyramidal,,38.635254,77.59198,250.85449,-70.495605,1.0053711,,,89.842636,0.95964795,-74.872017,16.18181818,3.236363636,8.13346,4.39411,depolarized,0,0,0,2,9,12,15,18,21,20,,,,,,,,,,
Chat-IRES-Cre-neo;Ai14-585475.05.04.01,mouse,50uM psilocybin,0,0,pyramidal,,59.936523,91.716705,419.6167,-80.566406,0.90527344,0.59090906,2.6153007,159.5598,1.0117911,-59.425045,20.66666667,4.133333333,10.55811,-4.08538,hyperpolarized,0,6,11,15,18,21,23,25,26,28,,,,,,,,,,
Chat-IRES-Cre-neo;Ai14-585475.05.04.01,mouse,50uM psilocybin,1,0,pyramidal,,50.628662,84.642639,315.24658,-72.32666,1.0325928,0.5,2.3240101,143.21722,1.0238858,-61.401005,12.66666667,2.533333333,9.62642,-4.08538,hyperpolarized,0,3,9,12,17,20,22,23,22,22,20,,,,,,,,,
Vip-IRES-Cre;Ai14-585798.04.03.01,mouse,50uM psilocybin,0,0,pyramidal,,50.384521,86.415771,444.03076,-104.67529,0.69494629,0.81818181,8.5308847,117.27279,0.91750586,-68.487434,39.75,7.95,7.43042,5.15477,depolarized,0,0,0,2,3,5,8,13,18,20,26,26,,,,,,,,
Vip-IRES-Cre;Ai14-585798.04.03.01,mouse,50uM psilocybin,1,0,pyramidal,,25.726318,66.284477,260.00977,-78.430176,0.81933594,0.5,5.8731899,128.0603,0.94453377,-68.006004,27.71428571,5.542857143,6.94353,5.15477,depolarized,0,0,2,14,22,28,32,36,39,42,43,45,,,,,,,,
Chat-IRES-Cre-neo;Ai14-586529.05.03.01,mouse,50uM psilocin,0,0,pyramidal,,51.116943,86.394997,396.11816,-89.416504,0.82446289,0.63636363,2.0320423,124.74093,0.94479752,-72.233681,48.6,9.72,7.25013,-8.13936,hyperpolarized,0,1,11,18,24,29,32,36,39,43,45,48,,,,,,,,
Chat-IRES-Cre-neo;Ai14-586529.05.03.01,mouse,50uM psilocin,1,0,pyramidal,,47.607422,91.614502,230.40771,-48.217773,1.7122803,0.5,1.9304765,246.85728,1.719438,-76,30,6,5.31513,-8.13936,hyperpolarized,8,13,16,18,19,19,19,19,10,,,,,,,,,,,
Sst-IRES-Cre;Ai14-586747.02.01.01,mouse,50uM psilocin,0,0,pyramidal,,57.830811,92.897667,491.02783,-89.111328,0.83532715,0.5,4.3161573,83.169601,0.90212744,-75.356575,41.4,8.28,8.92038,0,No change,0,0,0,7,11,14,17,21,23,25,27,,,,,,,,,
Sst-IRES-Cre;Ai14-586747.02.01.01,mouse,50uM psilocin,1,0,pyramidal,,47.698975,83.448593,338.43994,-79.650879,0.98669434,0.5,4.4022837,95.458908,0.94848531,-73.817657,38.2,7.64,6.73943,0,No change,0,0,0,3,8,12,16,20,23,27,,,,,,,,,,
Sst-IRES-Cre;Ai14-586747.03.01.01,mouse,50uM psilocin,0,0,pyramidal,not healthy,50.750732,85.658745,440.06348,-110.16846,0.66943359,0.81818181,4.515449,68.67202,0.93226725,-77.255775,63.125,12.625,8.13278,33.9674,depolarized,0,0,0,0,8,14,18,21,24,26,28,,,,,,,,,
Sst-IRES-Cre;Ai14-586747.03.01.01,mouse,50uM psilocin,1,0,pyramidal,not healthy,50.170898,85.507202,435.48584,-107.72705,0.6895752,0.5,5.9215813,68.188248,0.96079826,-69.036858,68.125,13.625,10.47677,33.9674,depolarized,0,0,0,0,0,1,2,6,11,15,,,,,,,,,,
Chat-IRES-Cre-neo;Ai14-586529.03.04.01,mouse,50uM psilocin,0,0,interneuron,,49.407959,91.325592,362.54883,-95.52002,0.86096191,1.3636364,4.2421536,124.11987,1.070716,-63.552059,108.6923077,21.73846154,8.7393,-4.10085,hyperpolarized,0,11,22,29,35,38,41,43,44,46,46,,,,,,,,,
Chat-IRES-Cre-neo;Ai14-586529.03.04.01,mouse,50uM psilocin,1,0,interneuron,,51.239014,91.855629,349.73145,-93.078613,0.91992188,1.4545455,4.5502648,107.91616,1.1933724,-64.299278,102.75,20.55,11.577375,-4.10085,hyperpolarized,0,7,20,28,33,37,39,40,41,40,,,,,,,,,,
Sst-IRES-Cre;Ai14-586757.05.09.01,mouse,50uM psilocybin,0,0,pyramidal,,52.67334,90.015457,390.625,-84.228516,0.9276123,0.90909094,6.0712185,84.89595,0.86177009,-75.535126,29.28571429,5.857142857,12.01053,0,No change,0,0,0,2,4,6,9,13,16,18,22,,,,,,,,,
Sst-IRES-Cre;Ai14-586757.05.09.01,mouse,50uM psilocybin,1,0,pyramidal,,47.149658,84.562958,330.2002,-80.26123,0.9128418,0.63636363,6.0563822,109.52254,0.95199132,-67.822182,31.22222222,6.244444444,9.28125,0,No change,0,0,0,2,5,9,13,20,25,29,33,,,,,,,,,
Vip-IRES-Cre;Ai14-586170.01.10.01,mouse,50uM psilocybin,0,0,pyramidal,,51.727295,82.531395,316.46729,-79.040527,0.92077637,0.63636363,4.315279,139.86018,0.94795531,-63.143742,10.07142857,2.014285714,9.064369,5.58167,depolarized,0,0,4,10,15,19,24,27,30,32,27,,,,,,,,,
Vip-IRES-Cre;Ai14-586170.01.10.01,mouse,50uM psilocybin,1,0,pyramidal,,44.281006,76.425354,267.33398,-72.631836,0.99206543,0.5,2.98557,184.53783,0.94260812,-57.044846,7,1.4,7.5531,5.58167,depolarized,0,8,14,22,26,28,27,13,11,8,6,,,,,,,,,
H21.03.313.11.04.01.01,human,50uM psilocin,0,0,pyramidal,not healthy,51.055908,79.668999,228.88184,-70.19043,1.0273438,0.68181819,3.4919271,41.880486,1.0425115,-58.641903,29.11111111,5.822222222,9.076065,-29.1083,hyperpolarized,0,0,0,0,0,2,6,10,13,14,,,,,,,,,,
H21.03.313.11.04.01.01,human,50uM psilocin,1,0,pyramidal,not healthy,19.348145,62.726288,126.34277,-38.452148,1.4586182,1.2727273,4.9833231,56.297356,0.99247628,-59.079514,12.11111111,2.422222222,4.966805,-29.1083,hyperpolarized,0,0,1,6,8,10,8,6,2,7,10,,,,,,,,,
H21.03.313.11.04.02.01,human,50uM psilocin,0,0,pyramidal,not healthy,66.680908,79.02813,281.37207,-106.50635,0.67590332,1.1818181,3.5825143,36.026363,1.1327229,-38.33736,132.8181818,26.56363636,22.27551,33.7198,depolarized,0,0,0,0,0,0,1,1,5,8,,,,,,,,,,
H21.03.313.11.04.02.01,human,50uM psilocin,1,0,pyramidal,not healthy,73.455811,78.667206,248.41309,-99.182129,0.75219727,0.5,5.0452781,36.283138,1.1783185,-29.271149,106.8888889,21.37777778,17.9303,33.7198,depolarized,0,0,0,0,0,0,1,3,7,10,14,,,,,,,,,
H21.03.313.11.06.02.01,human,50uM psilocin,0,0,pyramidal,not healthy,63.323975,86.104958,318.60352,-78.125,0.94934082,0.5,1.8175737,95.152756,0.96141243,-60.904648,16.4,3.28,11.507362,9.82078,depolarized,0,0,1,8,11,13,15,17,18,20,22,,,,,,,,,
H21.03.313.11.06.02.01,human,50uM psilocin,1,0,pyramidal,not healthy,,,,,,,,,,,29.375,5.875,9.6942,9.82078,depolarized,,,,,,,,,,,,,,,,,,,,
H21.03.313.11.06.01.01,human,50uM psilocin,0,0,pyramidal,,64.483643,83.042564,292.3584,-93.994141,0.82580566,0.5,2.1592963,157.83844,0.95040214,-57.591816,17.27272727,3.454545455,12.213456,2,depolarized,0,2,9,14,18,21,24,26,27,29,30,32,,,,,,,,
H21.03.313.11.06.01.01,human,50uM psilocin,1,0,pyramidal,,59.020996,76.097321,225.5249,-76.904297,0.91760254,0.5,1.9436153,164.90215,0.99828368,-51.085079,18.5,3.7,9.2831178,2,depolarized,0,1,9,13,15,18,20,22,24,26,,,,,,,,,,
Htr3a-Cre_NO152;Ai14-589339.01.09.01,mouse,50uM psilocybin,0,0,pyramidal,,54.992676,88.788628,449.21875,-100.70801,0.73937988,0.95454544,9.5669918,114.77602,0.96393812,-68.957764,59,11.8,10.750987,-1.93707,hyperpolarized,0,0,3,10,11,14,15,17,19,22,,,,,,,,,,
Htr3a-Cre_NO152;Ai14-589339.01.09.01,mouse,50uM psilocybin,1,0,pyramidal,,25.054932,62.511444,224.91455,-83.007812,0.92175293,0.86363637,9.8946848,121.52043,0.99933141,-71.010345,17.125,3.425,5.75601,-1.93707,hyperpolarized,0,0,0,0,8,15,21,30,40,44,,,,,,,,,,
Vip-IRES-Cre;Ai14-589352.05.09.01,mouse,50uM psilocybin,0,0,pyramidal,,55.69458,84.327881,360.10742,-86.05957,0.89318848,0.5,6.8994741,106.03832,0.88072187,-69.804298,20.25,4.05,9.513198,4.99753,depolarized,0,3,11,15,18,20,21,23,26,30,33,,,,,,,,,
Vip-IRES-Cre;Ai14-589352.05.09.01,mouse,50uM psilocybin,1,0,pyramidal,,46.966553,73.591705,281.67725,-68.359375,0.98779297,0.5,4.9232349,95.501732,0.98561615,-63.828827,15.77777778,3.155555556,8.755539,4.99753,depolarized,0,0,0,0,7,11,17,24,29,33,,,,,,,,,,
Htr3a-Cre_NO152;Ai14-589340.06.09.01,mouse,50uM psilocin,0,0,pyramidal,,61.157227,89.949814,423.58398,-86.364746,0.8762207,0.59090906,5.4997973,79.928589,0.93615603,-68.603615,18.75,3.75,10.933431,49.8757,depolarized,0,0,3,11,16,19,21,24,26,29,,,,,,,,,,
Htr3a-Cre_NO152;Ai14-589340.06.09.01,mouse,50uM psilocin,1,0,pyramidal,,46.234131,76.944946,323.48633,-85.449219,0.83190918,0.5,3.4263971,131.53062,0.88542032,-64.69767,12.5,2.5,7.7067062,49.8757,depolarized,0,0,14,21,24,29,32,34,38,37,32,,,,,,,,,
Htr3a-Cre_NO152;Ai14-589340.05.09.01,mouse,50uM psilocin,0,0,pyramidal,,52.307129,85.557861,346.67969,-83.312988,0.91040039,0.68181819,5.7815027,71.600288,0.93745053,-78.800095,19.55555556,3.911111111,23.17601,-2,hyperpolarized,0,0,0,5,11,15,17,19,19,21,,,,,,,,,,
Htr3a-Cre_NO152;Ai14-589340.05.09.01,mouse,50uM psilocin,1,0,pyramidal,,47.424316,84.94458,307.31201,-77.514648,1.003418,0.5,3.5502646,99.693962,0.9945274,-77.331978,17.38461538,3.476923077,9.04184,-2,hyperpolarized,0,4,7,12,17,20,24,27,29,30,,,,,,,,,,
H21.03.315.11.08.01.01,human,50uM psilocin,0,0,pyramidal,,53.344727,86.252304,323.18115,-104.67529,0.76855469,0.59090906,4.4137497,60.601261,1.0069793,-70.581169,26,5.2,13.41013,8.41708,depolarized,0,0,0,0,0,6,10,13,16,18,,,,,,,,,,
H21.03.315.11.08.01.01,human,50uM psilocin,1,0,pyramidal,,50.140381,82.366707,285.94971,-100.70801,0.77734375,0.90909094,4.2097239,67.036461,1.0088921,-65.919991,39.625,7.925,10.160332,8.41708,depolarized,0,0,0,0,0,5,9,12,13,14,16,,,,,,,,,
H21.03.315.11.12.01.01,human,50uM psilocin,0,0,pyramidal,,50.964355,87.307724,389.70947,-99.487305,0.74938965,1.6363636,5.0325007,38.821583,1.2696234,-60.714569,41.53846154,8.307692308,10.513868,0,No change,0,0,0,0,0,1,2,7,11,13,16,,,,,,,,,
H21.03.315.11.12.01.01,human,50uM psilocin,1,0,pyramidal,,54.595947,89.537369,337.21924,-84.228516,0.91308594,1.2727273,4.3292828,40.636902,1.2439237,-59.840214,41.30769231,8.261538462,10.099784,0,No change,0,0,0,0,0,1,5,8,11,15,17,20,22,25,27,,,,,
H21.03.315.11.12.02.01,human,50uM psilocin,0,0,pyramidal,,56.152344,90.117691,347.29004,-82.092285,0.94091797,1.3636364,4.3354602,47.56575,1.1205577,-62.073879,19.53846154,3.907692308,7.38189,1.63926,depolarized,0,0,0,0,0,2,7,10,11,14,16,,,,,,,,,
H21.03.315.11.12.02.01,human,50uM psilocin,1,0,pyramidal,,53.833008,86.711319,332.33643,-77.819824,0.97497559,1.6363636,3.6255934,35.817226,1.1945486,-63.156406,33.2,6.64,8.684639,1.63926,depolarized,0,0,0,0,0,0,5,8,11,17,19,18,,,,,,,,
H21.06.356.11.07.01.01,human,50uM psilocin,0,0,pyramidal,,59.7229,88.448524,340.271,-114.74609,0.71606445,0.5,4.8839126,94.031136,1.0059987,-65.380669,55.15384615,11.03076923,16.642086,0,No change,0,0,0,3,11,17,20,23,26,28,30,32,,,,,,,,
H21.06.356.11.07.01.01,human,50uM psilocin,1,0,pyramidal,,57.952881,84.946152,296.93604,-112.30469,0.70812988,0.5,4.7357793,90.406227,0.96835029,-63.648891,41.5,8.3,10.798072,0,No change,0,0,0,0,4,11,16,20,23,25,28,,,,,,,,,
H21.06.356.11.08.01.01,human,50uM psilocin,0,0,pyramidal,,52.246094,89.244484,316.16211,-102.23389,0.76550293,1.4090909,4.8643746,70.48967,1.2099354,-65.19577,41.92307692,8.384615385,11.989769,-5.52808,hyperpolarized,0,0,0,4,10,16,21,24,28,31,,,,,,,,,,
H21.06.356.11.08.01.01,human,50uM psilocin,1,0,pyramidal,,48.522949,85.385574,289.30664,-107.42188,0.72961426,1.3181819,5.0686722,75.742378,1.122684,-66.668251,53.60869565,10.72173913,11.29422,-5.52808,hyperpolarized,0,0,0,0,6,12,17,20,23,25,28,,,,,,,,,
H21.06.356.11.06.01.01,human,50uM psilocin,0,0,pyramidal,,48.858643,84.365341,339.05029,-81.787109,0.83898926,1.6363636,4.3715849,49.886593,1.2826096,-64.927162,29.41666667,5.883333333,9.514916,0,No change,0,0,0,1,2,7,11,16,20,24,27,,,,,,,,,
H21.06.356.11.06.01.01,human,50uM psilocin,1,0,pyramidal,,45.288086,81.613693,317.38281,-82.397461,0.82116699,1.2272727,4.8371272,47.988121,1.2292868,-64.716476,26.54545455,5.309090909,9.78862,0,No change,0,0,0,0,1,2,7,12,16,19,23,,,,,,,,,
,,,,,,,,,,,,,,,,,,0,,,,,,,,,,,,,,,,,,,,,,,
,,,,,,,,,,,,,,,,,,0,,,,,,,,,,,,,,,,,,,,,,,
,,,,,,,,,,,,,,,,,,0,,,,,,,,,,,,,,,,,,,,,,,
,,,,,,,,,,,,,,,,,,0,,,,,,,,,,,,,,,,,,,,,,,
,,,,,,,,,,,,,,,,,,0,,,,,,,,,,,,,,,,,,,,,,,
